role,name,rut,email,username,password,course,section,subjects
student,Sofía González Martínez,10000000-8,sofia.gonzalez10000000@student.cl,s.gonzalez0000,temporal123,1ro Básico,A,
student,Matías López Silva,10000001-6,matias.lopez10000001@student.cl,m.lopez0001,temporal123,1ro Básico,A,
student,Valentina Rojas Pérez,10000002-4,valentina.rojas10000002@student.cl,v.rojas0002,temporal123,1ro Básico,A,
student,Benjamín Torres Castro,10000003-2,benjamin.torres10000003@student.cl,b.torres0003,temporal123,1ro Básico,A,
student,Martina Fernández Díaz,10000004-0,martina.fernandez10000004@student.cl,m.fernandez0004,temporal123,1ro Básico,A,
student,Lucas Muñoz Vargas,10000005-9,lucas.munoz10000005@student.cl,l.munoz0005,temporal123,1ro Básico,A,
student,Isidora Ramírez Soto,10000006-7,isidora.ramirez10000006@student.cl,i.ramirez0006,temporal123,1ro Básico,A,
student,Agustín Contreras Núñez,10000007-5,agustin.contreras10000007@student.cl,a.contreras0007,temporal123,1ro Básico,A,
student,Emilia Sepúlveda Morales,10000008-3,emilia.sepulveda10000008@student.cl,e.sepulveda0008,temporal123,1ro Básico,A,
student,Tomás Gutiérrez Herrera,10000009-1,tomas.gutierrez10000009@student.cl,t.gutierrez0009,temporal123,1ro Básico,A,
student,Amanda Vega Campos,10000010-5,amanda.vega10000010@student.cl,a.vega0010,temporal123,1ro Básico,A,
student,Diego Espinoza Ramos,10000011-3,diego.espinoza10000011@student.cl,d.espinoza0011,temporal123,1ro Básico,A,
student,Catalina Cortés Fuentes,10000012-1,catalina.cortes10000012@student.cl,c.cortes0012,temporal123,1ro Básico,A,
student,Santiago Figueroa Bustos,10000013-k,santiago.figueroa10000013@student.cl,s.figueroa0013,temporal123,1ro Básico,A,
student,Josefa Alarcón Ruiz,10000014-8,josefa.alarcon10000014@student.cl,j.alarcon0014,temporal123,1ro Básico,A,
student,Nicolás Jara Ríos,10000015-6,nicolas.jara10000015@student.cl,n.jara0015,temporal123,1ro Básico,A,
student,Florencia Campos Molina,10000016-4,florencia.campos10000016@student.cl,f.campos0016,temporal123,1ro Básico,A,
student,Gabriel Ponce Álvarez,10000017-2,gabriel.ponce10000017@student.cl,g.ponce0017,temporal123,1ro Básico,A,
student,Trinidad Valdés Sandoval,10000018-0,trinidad.valdes10000018@student.cl,t.valdes0018,temporal123,1ro Básico,A,
student,Maximiliano Bravo Navarro,10000019-9,maximiliano.bravo10000019@student.cl,m.bravo0019,temporal123,1ro Básico,A,
student,Antonia Medina Parra,10000020-2,antonia.medina10000020@student.cl,a.medina0020,temporal123,1ro Básico,A,
student,Joaquín Santana Mendoza,10000021-0,joaquin.santana10000021@student.cl,j.santana0021,temporal123,1ro Básico,A,
student,Constanza Salazar Olivares,10000022-9,constanza.salazar10000022@student.cl,c.salazar0022,temporal123,1ro Básico,A,
student,Felipe Tapia Vera,10000023-7,felipe.tapia10000023@student.cl,f.tapia0023,temporal123,1ro Básico,A,
student,María José Carrasco Ortiz,10000024-5,maria jose.carrasco10000024@student.cl,m.carrasco0024,temporal123,1ro Básico,A,
student,Sebastián Cáceres Escobar,10000025-3,sebastian.caceres10000025@student.cl,s.caceres0025,temporal123,1ro Básico,A,
student,Fernanda Ibáñez Vidal,10000026-1,fernanda.ibanez10000026@student.cl,f.ibanez0026,temporal123,1ro Básico,A,
student,Vicente Zamora Garrido,10000027-k,vicente.zamora10000027@student.cl,v.zamora0027,temporal123,1ro Básico,A,
student,Javiera Maldonado Farías,10000028-8,javiera.maldonado10000028@student.cl,j.maldonado0028,temporal123,1ro Básico,A,
student,Cristóbal Reyes Peña,10000029-6,cristobal.reyes10000029@student.cl,c.reyes0029,temporal123,1ro Básico,A,
student,Maite Araya Leiva,10000030-k,maite.araya10000030@student.cl,m.araya0030,temporal123,1ro Básico,A,
student,Andrés Jiménez Paredes,10000031-8,andres.jimenez10000031@student.cl,a.jimenez0031,temporal123,1ro Básico,A,
student,Ignacia Pizarro Cabrera,10000032-6,ignacia.pizarro10000032@student.cl,i.pizarro0032,temporal123,1ro Básico,A,
student,Manuel Gallardo Robles,10000033-4,manuel.gallardo10000033@student.cl,m.gallardo0033,temporal123,1ro Básico,A,
student,Renata Valenzuela Lagos,10000034-2,renata.valenzuela10000034@student.cl,r.valenzuela0034,temporal123,1ro Básico,A,
student,Mateo Castillo Moya,10000035-0,mateo.castillo10000035@student.cl,m.castillo0035,temporal123,1ro Básico,A,
student,Francisca Henríquez Vera,10000036-9,francisca.henriquez10000036@student.cl,f.henriquez0036,temporal123,1ro Básico,A,
student,Ángel Mora Pinto,10000037-7,angel.mora10000037@student.cl,a.mora0037,temporal123,1ro Básico,A,
student,Victoria Sánchez Riveros,10000038-5,victoria.sanchez10000038@student.cl,v.sanchez0038,temporal123,1ro Básico,A,
student,Eduardo Montoya Guerra,10000039-3,eduardo.montoya10000039@student.cl,e.montoya0039,temporal123,1ro Básico,A,
student,Carolina Aravena Barrios,10000040-7,carolina.aravena10000040@student.cl,c.aravena0040,temporal123,1ro Básico,A,
student,Alberto Poblete Aguilar,10000041-5,alberto.poblete10000041@student.cl,a.poblete0041,temporal123,1ro Básico,A,
student,Daniela Osorio Carvajal,10000042-3,daniela.osorio10000042@student.cl,d.osorio0042,temporal123,1ro Básico,A,
student,Roberto Pavez Saavedra,10000043-1,roberto.pavez10000043@student.cl,r.pavez0043,temporal123,1ro Básico,A,
student,Gabriela Flores Muñoz,10000044-k,gabriela.flores10000044@student.cl,g.flores0044,temporal123,1ro Básico,A,
student,Sofía González Martínez,10000045-8,sofia.gonzalez10000045@student.cl,s.gonzalez0045,temporal123,1ro Básico,B,
student,Matías López Silva,10000046-6,matias.lopez10000046@student.cl,m.lopez0046,temporal123,1ro Básico,B,
student,Valentina Rojas Pérez,10000047-4,valentina.rojas10000047@student.cl,v.rojas0047,temporal123,1ro Básico,B,
student,Benjamín Torres Castro,10000048-2,benjamin.torres10000048@student.cl,b.torres0048,temporal123,1ro Básico,B,
student,Martina Fernández Díaz,10000049-0,martina.fernandez10000049@student.cl,m.fernandez0049,temporal123,1ro Básico,B,
student,Lucas Muñoz Vargas,10000050-4,lucas.munoz10000050@student.cl,l.munoz0050,temporal123,1ro Básico,B,
student,Isidora Ramírez Soto,10000051-2,isidora.ramirez10000051@student.cl,i.ramirez0051,temporal123,1ro Básico,B,
student,Agustín Contreras Núñez,10000052-0,agustin.contreras10000052@student.cl,a.contreras0052,temporal123,1ro Básico,B,
student,Emilia Sepúlveda Morales,10000053-9,emilia.sepulveda10000053@student.cl,e.sepulveda0053,temporal123,1ro Básico,B,
student,Tomás Gutiérrez Herrera,10000054-7,tomas.gutierrez10000054@student.cl,t.gutierrez0054,temporal123,1ro Básico,B,
student,Amanda Vega Campos,10000055-5,amanda.vega10000055@student.cl,a.vega0055,temporal123,1ro Básico,B,
student,Diego Espinoza Ramos,10000056-3,diego.espinoza10000056@student.cl,d.espinoza0056,temporal123,1ro Básico,B,
student,Catalina Cortés Fuentes,10000057-1,catalina.cortes10000057@student.cl,c.cortes0057,temporal123,1ro Básico,B,
student,Santiago Figueroa Bustos,10000058-k,santiago.figueroa10000058@student.cl,s.figueroa0058,temporal123,1ro Básico,B,
student,Josefa Alarcón Ruiz,10000059-8,josefa.alarcon10000059@student.cl,j.alarcon0059,temporal123,1ro Básico,B,
student,Nicolás Jara Ríos,10000060-1,nicolas.jara10000060@student.cl,n.jara0060,temporal123,1ro Básico,B,
student,Florencia Campos Molina,10000061-k,florencia.campos10000061@student.cl,f.campos0061,temporal123,1ro Básico,B,
student,Gabriel Ponce Álvarez,10000062-8,gabriel.ponce10000062@student.cl,g.ponce0062,temporal123,1ro Básico,B,
student,Trinidad Valdés Sandoval,10000063-6,trinidad.valdes10000063@student.cl,t.valdes0063,temporal123,1ro Básico,B,
student,Maximiliano Bravo Navarro,10000064-4,maximiliano.bravo10000064@student.cl,m.bravo0064,temporal123,1ro Básico,B,
student,Antonia Medina Parra,10000065-2,antonia.medina10000065@student.cl,a.medina0065,temporal123,1ro Básico,B,
student,Joaquín Santana Mendoza,10000066-0,joaquin.santana10000066@student.cl,j.santana0066,temporal123,1ro Básico,B,
student,Constanza Salazar Olivares,10000067-9,constanza.salazar10000067@student.cl,c.salazar0067,temporal123,1ro Básico,B,
student,Felipe Tapia Vera,10000068-7,felipe.tapia10000068@student.cl,f.tapia0068,temporal123,1ro Básico,B,
student,María José Carrasco Ortiz,10000069-5,maria jose.carrasco10000069@student.cl,m.carrasco0069,temporal123,1ro Básico,B,
student,Sebastián Cáceres Escobar,10000070-9,sebastian.caceres10000070@student.cl,s.caceres0070,temporal123,1ro Básico,B,
student,Fernanda Ibáñez Vidal,10000071-7,fernanda.ibanez10000071@student.cl,f.ibanez0071,temporal123,1ro Básico,B,
student,Vicente Zamora Garrido,10000072-5,vicente.zamora10000072@student.cl,v.zamora0072,temporal123,1ro Básico,B,
student,Javiera Maldonado Farías,10000073-3,javiera.maldonado10000073@student.cl,j.maldonado0073,temporal123,1ro Básico,B,
student,Cristóbal Reyes Peña,10000074-1,cristobal.reyes10000074@student.cl,c.reyes0074,temporal123,1ro Básico,B,
student,Maite Araya Leiva,10000075-k,maite.araya10000075@student.cl,m.araya0075,temporal123,1ro Básico,B,
student,Andrés Jiménez Paredes,10000076-8,andres.jimenez10000076@student.cl,a.jimenez0076,temporal123,1ro Básico,B,
student,Ignacia Pizarro Cabrera,10000077-6,ignacia.pizarro10000077@student.cl,i.pizarro0077,temporal123,1ro Básico,B,
student,Manuel Gallardo Robles,10000078-4,manuel.gallardo10000078@student.cl,m.gallardo0078,temporal123,1ro Básico,B,
student,Renata Valenzuela Lagos,10000079-2,renata.valenzuela10000079@student.cl,r.valenzuela0079,temporal123,1ro Básico,B,
student,Mateo Castillo Moya,10000080-6,mateo.castillo10000080@student.cl,m.castillo0080,temporal123,1ro Básico,B,
student,Francisca Henríquez Vera,10000081-4,francisca.henriquez10000081@student.cl,f.henriquez0081,temporal123,1ro Básico,B,
student,Ángel Mora Pinto,10000082-2,angel.mora10000082@student.cl,a.mora0082,temporal123,1ro Básico,B,
student,Victoria Sánchez Riveros,10000083-0,victoria.sanchez10000083@student.cl,v.sanchez0083,temporal123,1ro Básico,B,
student,Eduardo Montoya Guerra,10000084-9,eduardo.montoya10000084@student.cl,e.montoya0084,temporal123,1ro Básico,B,
student,Carolina Aravena Barrios,10000085-7,carolina.aravena10000085@student.cl,c.aravena0085,temporal123,1ro Básico,B,
student,Alberto Poblete Aguilar,10000086-5,alberto.poblete10000086@student.cl,a.poblete0086,temporal123,1ro Básico,B,
student,Daniela Osorio Carvajal,10000087-3,daniela.osorio10000087@student.cl,d.osorio0087,temporal123,1ro Básico,B,
student,Roberto Pavez Saavedra,10000088-1,roberto.pavez10000088@student.cl,r.pavez0088,temporal123,1ro Básico,B,
student,Gabriela Flores Muñoz,10000089-k,gabriela.flores10000089@student.cl,g.flores0089,temporal123,1ro Básico,B,
